person_id,month,available_mm
DP0001,2026-10,1.0
DP0001,2026-11,1.0
DP0001,2026-12,1.0
DP0001,2027-01,0.5
DP0001,2027-02,0.7
DP0001,2027-03,1.0
DP0002,2026-10,1.0
DP0002,2026-11,1.0
DP0002,2026-12,1.0
DP0002,2027-01,0.0
DP0002,2027-02,0.5
DP0002,2027-03,0.5
DP0003,2026-10,0.0
DP0003,2026-11,1.0
DP0003,2026-12,0.5
DP0003,2027-01,1.0
DP0003,2027-02,1.0
DP0003,2027-03,0.7
DP0004,2026-10,1.0
DP0004,2026-11,1.0
DP0004,2026-12,1.0
DP0004,2027-01,1.0
DP0004,2027-02,0.3
DP0004,2027-03,0.7
DP0005,2026-10,0.7
DP0005,2026-11,1.0
DP0005,2026-12,0.0
DP0005,2027-01,0.3
DP0005,2027-02,1.0
DP0005,2027-03,0.7
DP0006,2026-10,1.0
DP0006,2026-11,0.0
DP0006,2026-12,1.0
DP0006,2027-01,1.0
DP0006,2027-02,0.5
DP0006,2027-03,0.5
DP0007,2026-10,0.5
DP0007,2026-11,0.5
DP0007,2026-12,0.7
DP0007,2027-01,1.0
DP0007,2027-02,1.0
DP0007,2027-03,1.0
DP0008,2026-10,0.5
DP0008,2026-11,1.0
DP0008,2026-12,1.0
DP0008,2027-01,1.0
DP0008,2027-02,0.5
DP0008,2027-03,0.5
DP0009,2026-10,1.0
DP0009,2026-11,0.7
DP0009,2026-12,0.0
DP0009,2027-01,0.3
DP0009,2027-02,1.0
DP0009,2027-03,0.5
DP0010,2026-10,0.0
DP0010,2026-11,1.0
DP0010,2026-12,1.0
DP0010,2027-01,0.3
DP0010,2027-02,1.0
DP0010,2027-03,1.0
DP0011,2026-10,1.0
DP0011,2026-11,0.7
DP0011,2026-12,1.0
DP0011,2027-01,0.5
DP0011,2027-02,1.0
DP0011,2027-03,1.0
DP0012,2026-10,1.0
DP0012,2026-11,0.3
DP0012,2026-12,1.0
DP0012,2027-01,0.5
DP0012,2027-02,1.0
DP0012,2027-03,0.3
DP0013,2026-10,0.7
DP0013,2026-11,1.0
DP0013,2026-12,0.7
DP0013,2027-01,0.5
DP0013,2027-02,1.0
DP0013,2027-03,1.0
DP0014,2026-10,1.0
DP0014,2026-11,1.0
DP0014,2026-12,1.0
DP0014,2027-01,1.0
DP0014,2027-02,1.0
DP0014,2027-03,1.0
DP0015,2026-10,1.0
DP0015,2026-11,0.7
DP0015,2026-12,0.3
DP0015,2027-01,1.0
DP0015,2027-02,1.0
DP0015,2027-03,0.7
DP0016,2026-10,1.0
DP0016,2026-11,1.0
DP0016,2026-12,0.3
DP0016,2027-01,1.0
DP0016,2027-02,1.0
DP0016,2027-03,1.0
DP0017,2026-10,1.0
DP0017,2026-11,0.0
DP0017,2026-12,1.0
DP0017,2027-01,1.0
DP0017,2027-02,1.0
DP0017,2027-03,0.7
DP0018,2026-10,0.7
DP0018,2026-11,0.0
DP0018,2026-12,0.7
DP0018,2027-01,1.0
DP0018,2027-02,1.0
DP0018,2027-03,1.0
DP0019,2026-10,1.0
DP0019,2026-11,1.0
DP0019,2026-12,0.0
DP0019,2027-01,0.0
DP0019,2027-02,1.0
DP0019,2027-03,1.0
DP0020,2026-10,0.0
DP0020,2026-11,1.0
DP0020,2026-12,1.0
DP0020,2027-01,0.5
DP0020,2027-02,0.5
DP0020,2027-03,0.5
DP0021,2026-10,1.0
DP0021,2026-11,0.7
DP0021,2026-12,1.0
DP0021,2027-01,1.0
DP0021,2027-02,1.0
DP0021,2027-03,1.0
DP0022,2026-10,0.5
DP0022,2026-11,1.0
DP0022,2026-12,0.5
DP0022,2027-01,1.0
DP0022,2027-02,0.7
DP0022,2027-03,1.0
DP0023,2026-10,0.7
DP0023,2026-11,1.0
DP0023,2026-12,1.0
DP0023,2027-01,1.0
DP0023,2027-02,1.0
DP0023,2027-03,1.0
DP0024,2026-10,0.0
DP0024,2026-11,1.0
DP0024,2026-12,0.5
DP0024,2027-01,0.5
DP0024,2027-02,1.0
DP0024,2027-03,0.0
DP0025,2026-10,1.0
DP0025,2026-11,1.0
DP0025,2026-12,1.0
DP0025,2027-01,1.0
DP0025,2027-02,1.0
DP0025,2027-03,1.0
DP0026,2026-10,1.0
DP0026,2026-11,0.5
DP0026,2026-12,1.0
DP0026,2027-01,0.7
DP0026,2027-02,1.0
DP0026,2027-03,1.0
DP0027,2026-10,1.0
DP0027,2026-11,0.5
DP0027,2026-12,1.0
DP0027,2027-01,1.0
DP0027,2027-02,1.0
DP0027,2027-03,1.0
DP0028,2026-10,1.0
DP0028,2026-11,1.0
DP0028,2026-12,1.0
DP0028,2027-01,1.0
DP0028,2027-02,1.0
DP0028,2027-03,1.0
DP0029,2026-10,0.0
DP0029,2026-11,1.0
DP0029,2026-12,1.0
DP0029,2027-01,0.7
DP0029,2027-02,0.5
DP0029,2027-03,0.3
DP0030,2026-10,1.0
DP0030,2026-11,1.0
DP0030,2026-12,0.5
DP0030,2027-01,0.5
DP0030,2027-02,1.0
DP0030,2027-03,1.0
DP0031,2026-10,0.0
DP0031,2026-11,0.3
DP0031,2026-12,0.5
DP0031,2027-01,0.3
DP0031,2027-02,0.3
DP0031,2027-03,1.0
DP0032,2026-10,1.0
DP0032,2026-11,0.5
DP0032,2026-12,1.0
DP0032,2027-01,1.0
DP0032,2027-02,1.0
DP0032,2027-03,1.0
DP0033,2026-10,1.0
DP0033,2026-11,1.0
DP0033,2026-12,1.0
DP0033,2027-01,1.0
DP0033,2027-02,1.0
DP0033,2027-03,0.3
DP0034,2026-10,0.5
DP0034,2026-11,0.0
DP0034,2026-12,1.0
DP0034,2027-01,1.0
DP0034,2027-02,1.0
DP0034,2027-03,1.0
DP0035,2026-10,1.0
DP0035,2026-11,0.5
DP0035,2026-12,0.7
DP0035,2027-01,1.0
DP0035,2027-02,0.7
DP0035,2027-03,1.0
DP0036,2026-10,1.0
DP0036,2026-11,1.0
DP0036,2026-12,1.0
DP0036,2027-01,1.0
DP0036,2027-02,1.0
DP0036,2027-03,1.0
DP0037,2026-10,0.0
DP0037,2026-11,0.5
DP0037,2026-12,0.3
DP0037,2027-01,1.0
DP0037,2027-02,1.0
DP0037,2027-03,1.0
DP0038,2026-10,0.3
DP0038,2026-11,0.3
DP0038,2026-12,1.0
DP0038,2027-01,1.0
DP0038,2027-02,0.5
DP0038,2027-03,1.0
DP0039,2026-10,1.0
DP0039,2026-11,0.3
DP0039,2026-12,0.0
DP0039,2027-01,0.0
DP0039,2027-02,0.5
DP0039,2027-03,0.7
DP0040,2026-10,0.7
DP0040,2026-11,1.0
DP0040,2026-12,0.0
DP0040,2027-01,0.0
DP0040,2027-02,1.0
DP0040,2027-03,1.0
DP0041,2026-10,1.0
DP0041,2026-11,1.0
DP0041,2026-12,1.0
DP0041,2027-01,1.0
DP0041,2027-02,0.5
DP0041,2027-03,1.0
DP0042,2026-10,1.0
DP0042,2026-11,1.0
DP0042,2026-12,1.0
DP0042,2027-01,0.5
DP0042,2027-02,1.0
DP0042,2027-03,1.0
DP0043,2026-10,1.0
DP0043,2026-11,0.5
DP0043,2026-12,0.5
DP0043,2027-01,1.0
DP0043,2027-02,1.0
DP0043,2027-03,1.0
DP0044,2026-10,0.7
DP0044,2026-11,0.7
DP0044,2026-12,0.5
DP0044,2027-01,0.0
DP0044,2027-02,1.0
DP0044,2027-03,1.0
DP0045,2026-10,1.0
DP0045,2026-11,1.0
DP0045,2026-12,0.0
DP0045,2027-01,1.0
DP0045,2027-02,0.7
DP0045,2027-03,0.5
DP0046,2026-10,1.0
DP0046,2026-11,1.0
DP0046,2026-12,1.0
DP0046,2027-01,1.0
DP0046,2027-02,0.7
DP0046,2027-03,1.0
DP0047,2026-10,1.0
DP0047,2026-11,1.0
DP0047,2026-12,1.0
DP0047,2027-01,1.0
DP0047,2027-02,0.5
DP0047,2027-03,1.0
DP0048,2026-10,0.7
DP0048,2026-11,1.0
DP0048,2026-12,1.0
DP0048,2027-01,1.0
DP0048,2027-02,1.0
DP0048,2027-03,1.0
DP0049,2026-10,1.0
DP0049,2026-11,0.7
DP0049,2026-12,1.0
DP0049,2027-01,0.7
DP0049,2027-02,1.0
DP0049,2027-03,0.3
DP0050,2026-10,0.7
DP0050,2026-11,1.0
DP0050,2026-12,0.0
DP0050,2027-01,0.5
DP0050,2027-02,0.3
DP0050,2027-03,0.0
DP0051,2026-10,1.0
DP0051,2026-11,0.3
DP0051,2026-12,1.0
DP0051,2027-01,0.3
DP0051,2027-02,1.0
DP0051,2027-03,1.0
DP0052,2026-10,1.0
DP0052,2026-11,1.0
DP0052,2026-12,0.0
DP0052,2027-01,0.7
DP0052,2027-02,1.0
DP0052,2027-03,1.0
DP0053,2026-10,1.0
DP0053,2026-11,1.0
DP0053,2026-12,1.0
DP0053,2027-01,1.0
DP0053,2027-02,1.0
DP0053,2027-03,0.5
DP0054,2026-10,1.0
DP0054,2026-11,1.0
DP0054,2026-12,1.0
DP0054,2027-01,0.3
DP0054,2027-02,1.0
DP0054,2027-03,1.0
DP0055,2026-10,1.0
DP0055,2026-11,1.0
DP0055,2026-12,1.0
DP0055,2027-01,1.0
DP0055,2027-02,0.3
DP0055,2027-03,0.5
DP0056,2026-10,1.0
DP0056,2026-11,1.0
DP0056,2026-12,0.0
DP0056,2027-01,0.7
DP0056,2027-02,0.5
DP0056,2027-03,1.0
DP0057,2026-10,0.7
DP0057,2026-11,1.0
DP0057,2026-12,1.0
DP0057,2027-01,1.0
DP0057,2027-02,1.0
DP0057,2027-03,1.0
DP0058,2026-10,1.0
DP0058,2026-11,0.5
DP0058,2026-12,1.0
DP0058,2027-01,0.7
DP0058,2027-02,0.5
DP0058,2027-03,0.0
DP0059,2026-10,1.0
DP0059,2026-11,1.0
DP0059,2026-12,1.0
DP0059,2027-01,0.7
DP0059,2027-02,1.0
DP0059,2027-03,1.0
DP0060,2026-10,0.7
DP0060,2026-11,1.0
DP0060,2026-12,1.0
DP0060,2027-01,1.0
DP0060,2027-02,1.0
DP0060,2027-03,1.0
DP0061,2026-10,1.0
DP0061,2026-11,1.0
DP0061,2026-12,0.5
DP0061,2027-01,1.0
DP0061,2027-02,0.5
DP0061,2027-03,1.0
DP0062,2026-10,1.0
DP0062,2026-11,1.0
DP0062,2026-12,1.0
DP0062,2027-01,1.0
DP0062,2027-02,1.0
DP0062,2027-03,1.0
DP0063,2026-10,1.0
DP0063,2026-11,0.3
DP0063,2026-12,1.0
DP0063,2027-01,0.3
DP0063,2027-02,0.5
DP0063,2027-03,0.5
DP0064,2026-10,1.0
DP0064,2026-11,0.7
DP0064,2026-12,0.0
DP0064,2027-01,1.0
DP0064,2027-02,1.0
DP0064,2027-03,0.5
DP0065,2026-10,1.0
DP0065,2026-11,0.0
DP0065,2026-12,0.7
DP0065,2027-01,1.0
DP0065,2027-02,0.0
DP0065,2027-03,1.0
DP0066,2026-10,1.0
DP0066,2026-11,1.0
DP0066,2026-12,1.0
DP0066,2027-01,0.0
DP0066,2027-02,0.5
DP0066,2027-03,1.0
DP0067,2026-10,0.3
DP0067,2026-11,1.0
DP0067,2026-12,0.0
DP0067,2027-01,1.0
DP0067,2027-02,1.0
DP0067,2027-03,0.7
DP0068,2026-10,1.0
DP0068,2026-11,0.7
DP0068,2026-12,1.0
DP0068,2027-01,1.0
DP0068,2027-02,0.7
DP0068,2027-03,0.7
DP0069,2026-10,1.0
DP0069,2026-11,1.0
DP0069,2026-12,0.3
DP0069,2027-01,0.3
DP0069,2027-02,1.0
DP0069,2027-03,1.0
DP0070,2026-10,0.5
DP0070,2026-11,0.7
DP0070,2026-12,1.0
DP0070,2027-01,0.3
DP0070,2027-02,1.0
DP0070,2027-03,0.5
DP0071,2026-10,0.5
DP0071,2026-11,1.0
DP0071,2026-12,1.0
DP0071,2027-01,1.0
DP0071,2027-02,1.0
DP0071,2027-03,1.0
DP0072,2026-10,0.3
DP0072,2026-11,1.0
DP0072,2026-12,1.0
DP0072,2027-01,1.0
DP0072,2027-02,0.3
DP0072,2027-03,1.0
DP0073,2026-10,1.0
DP0073,2026-11,0.7
DP0073,2026-12,0.0
DP0073,2027-01,1.0
DP0073,2027-02,0.0
DP0073,2027-03,0.7
DP0074,2026-10,0.0
DP0074,2026-11,0.0
DP0074,2026-12,1.0
DP0074,2027-01,1.0
DP0074,2027-02,0.3
DP0074,2027-03,1.0
DP0075,2026-10,1.0
DP0075,2026-11,0.5
DP0075,2026-12,1.0
DP0075,2027-01,1.0
DP0075,2027-02,1.0
DP0075,2027-03,1.0
DP0076,2026-10,1.0
DP0076,2026-11,1.0
DP0076,2026-12,1.0
DP0076,2027-01,0.0
DP0076,2027-02,1.0
DP0076,2027-03,0.0
DP0077,2026-10,1.0
DP0077,2026-11,1.0
DP0077,2026-12,1.0
DP0077,2027-01,1.0
DP0077,2027-02,1.0
DP0077,2027-03,1.0
DP0078,2026-10,0.7
DP0078,2026-11,0.7
DP0078,2026-12,0.5
DP0078,2027-01,1.0
DP0078,2027-02,1.0
DP0078,2027-03,1.0
DP0079,2026-10,0.3
DP0079,2026-11,0.5
DP0079,2026-12,0.7
DP0079,2027-01,0.5
DP0079,2027-02,1.0
DP0079,2027-03,1.0
DP0080,2026-10,1.0
DP0080,2026-11,1.0
DP0080,2026-12,1.0
DP0080,2027-01,0.0
DP0080,2027-02,1.0
DP0080,2027-03,0.5
DP0081,2026-10,1.0
DP0081,2026-11,0.3
DP0081,2026-12,1.0
DP0081,2027-01,1.0
DP0081,2027-02,0.0
DP0081,2027-03,0.0
DP0082,2026-10,1.0
DP0082,2026-11,0.0
DP0082,2026-12,0.5
DP0082,2027-01,1.0
DP0082,2027-02,0.7
DP0082,2027-03,1.0
DP0083,2026-10,1.0
DP0083,2026-11,0.0
DP0083,2026-12,1.0
DP0083,2027-01,0.5
DP0083,2027-02,1.0
DP0083,2027-03,0.5
DP0084,2026-10,1.0
DP0084,2026-11,0.7
DP0084,2026-12,0.7
DP0084,2027-01,0.5
DP0084,2027-02,1.0
DP0084,2027-03,1.0
DP0085,2026-10,1.0
DP0085,2026-11,0.0
DP0085,2026-12,1.0
DP0085,2027-01,1.0
DP0085,2027-02,1.0
DP0085,2027-03,0.5
DP0086,2026-10,1.0
DP0086,2026-11,1.0
DP0086,2026-12,1.0
DP0086,2027-01,1.0
DP0086,2027-02,1.0
DP0086,2027-03,1.0
DP0087,2026-10,1.0
DP0087,2026-11,1.0
DP0087,2026-12,1.0
DP0087,2027-01,0.7
DP0087,2027-02,1.0
DP0087,2027-03,0.5
DP0088,2026-10,0.5
DP0088,2026-11,0.7
DP0088,2026-12,1.0
DP0088,2027-01,0.0
DP0088,2027-02,1.0
DP0088,2027-03,0.5
DP0089,2026-10,1.0
DP0089,2026-11,1.0
DP0089,2026-12,0.5
DP0089,2027-01,1.0
DP0089,2027-02,1.0
DP0089,2027-03,1.0
DP0090,2026-10,1.0
DP0090,2026-11,0.7
DP0090,2026-12,1.0
DP0090,2027-01,0.7
DP0090,2027-02,1.0
DP0090,2027-03,1.0
DP0091,2026-10,0.0
DP0091,2026-11,1.0
DP0091,2026-12,1.0
DP0091,2027-01,1.0
DP0091,2027-02,1.0
DP0091,2027-03,1.0
DP0092,2026-10,1.0
DP0092,2026-11,1.0
DP0092,2026-12,0.0
DP0092,2027-01,1.0
DP0092,2027-02,0.7
DP0092,2027-03,0.5
DP0093,2026-10,1.0
DP0093,2026-11,1.0
DP0093,2026-12,1.0
DP0093,2027-01,1.0
DP0093,2027-02,0.0
DP0093,2027-03,0.5
DP0094,2026-10,1.0
DP0094,2026-11,0.5
DP0094,2026-12,1.0
DP0094,2027-01,0.5
DP0094,2027-02,1.0
DP0094,2027-03,1.0
DP0095,2026-10,1.0
DP0095,2026-11,1.0
DP0095,2026-12,1.0
DP0095,2027-01,0.0
DP0095,2027-02,1.0
DP0095,2027-03,1.0
DP0096,2026-10,1.0
DP0096,2026-11,1.0
DP0096,2026-12,0.5
DP0096,2027-01,1.0
DP0096,2027-02,0.0
DP0096,2027-03,0.5
DP0097,2026-10,1.0
DP0097,2026-11,1.0
DP0097,2026-12,1.0
DP0097,2027-01,1.0
DP0097,2027-02,1.0
DP0097,2027-03,1.0
DP0098,2026-10,0.7
DP0098,2026-11,1.0
DP0098,2026-12,0.0
DP0098,2027-01,0.5
DP0098,2027-02,0.5
DP0098,2027-03,1.0
DP0099,2026-10,0.0
DP0099,2026-11,0.5
DP0099,2026-12,0.7
DP0099,2027-01,1.0
DP0099,2027-02,1.0
DP0099,2027-03,1.0
DP0100,2026-10,1.0
DP0100,2026-11,1.0
DP0100,2026-12,1.0
DP0100,2027-01,0.5
DP0100,2027-02,0.0
DP0100,2027-03,1.0
