person_id,display_name,career_grade,role_type,job_family
DP0001,가상DP0001,중급,개발,DP·데이터 엔지니어
DP0002,가상DP0002,초급,개발,DP·비정형·문서AI
DP0003,가상DP0003,고급,개발,DP·데이터 엔지니어
DP0004,가상DP0004,중급,개발,DP·데이터 모델러·메타데이터
DP0005,가상DP0005,중급,개발,DP·데이터 플랫폼
DP0006,가상DP0006,중급,개발,DP·데이터 모델러·메타데이터
DP0007,가상DP0007,중급,개발,DP·데이터 플랫폼
DP0008,가상DP0008,중급,개발,DP·데이터 엔지니어
DP0009,가상DP0009,초급,개발,DP·데이터 엔지니어
DP0010,가상DP0010,초급,개발,DP·비정형·문서AI
DP0011,가상DP0011,중급,개발,DP·데이터 모델러·메타데이터
DP0012,가상DP0012,고급,개발,DP·데이터 엔지니어
DP0013,가상DP0013,초급,컨설팅,DP·금융 데이터 컨설턴트
DP0014,가상DP0014,초급,개발,DP·데이터 플랫폼
DP0015,가상DP0015,특급,개발,DP·비정형·문서AI
DP0016,가상DP0016,중급,개발,DP·비정형·문서AI
DP0017,가상DP0017,중급,개발,DP·데이터 엔지니어
DP0018,가상DP0018,중급,개발,DP·데이터 플랫폼
DP0019,가상DP0019,특급,개발,DP·데이터 모델러·메타데이터
DP0020,가상DP0020,고급,개발,DP·데이터 모델러·메타데이터
DP0021,가상DP0021,고급,개발,DP·비정형·문서AI
DP0022,가상DP0022,중급,개발,DP·데이터 모델러·메타데이터
DP0023,가상DP0023,중급,개발,DP·데이터 엔지니어
DP0024,가상DP0024,중급,개발,DP·데이터 플랫폼
DP0025,가상DP0025,초급,개발,DP·비정형·문서AI
DP0026,가상DP0026,중급,개발,DP·데이터 엔지니어
DP0027,가상DP0027,중급,컨설팅,DP·금융 데이터 컨설턴트
DP0028,가상DP0028,특급,개발,DP·비정형·문서AI
DP0029,가상DP0029,고급,개발,DP·데이터 엔지니어
DP0030,가상DP0030,중급,개발,DP·데이터 엔지니어
DP0031,가상DP0031,고급,개발,DP·데이터 플랫폼
DP0032,가상DP0032,중급,개발,DP·데이터 모델러·메타데이터
DP0033,가상DP0033,고급,개발,DP·비정형·문서AI
DP0034,가상DP0034,중급,개발,DP·데이터 플랫폼
DP0035,가상DP0035,중급,개발,DP·비정형·문서AI
DP0036,가상DP0036,초급,컨설팅,DP·금융 데이터 컨설턴트
DP0037,가상DP0037,중급,개발,DP·비정형·문서AI
DP0038,가상DP0038,고급,개발,DP·데이터 모델러·메타데이터
DP0039,가상DP0039,중급,개발,DP·데이터 플랫폼
DP0040,가상DP0040,초급,개발,DP·비정형·문서AI
DP0041,가상DP0041,고급,개발,DP·비정형·문서AI
DP0042,가상DP0042,특급,개발,DP·데이터 엔지니어
DP0043,가상DP0043,중급,개발,DP·데이터 모델러·메타데이터
DP0044,가상DP0044,중급,개발,DP·비정형·문서AI
DP0045,가상DP0045,초급,개발,DP·비정형·문서AI
DP0046,가상DP0046,중급,개발,DP·데이터 엔지니어
DP0047,가상DP0047,초급,개발,DP·비정형·문서AI
DP0048,가상DP0048,중급,개발,DP·데이터 플랫폼
DP0049,가상DP0049,초급,컨설팅,DP·금융 데이터 컨설턴트
DP0050,가상DP0050,초급,개발,DP·비정형·문서AI
DP0051,가상DP0051,중급,개발,DP·데이터 엔지니어
DP0052,가상DP0052,중급,개발,DP·데이터 플랫폼
DP0053,가상DP0053,초급,개발,DP·비정형·문서AI
DP0054,가상DP0054,초급,컨설팅,DP·금융 데이터 컨설턴트
DP0055,가상DP0055,특급,개발,DP·비정형·문서AI
DP0056,가상DP0056,중급,개발,DP·데이터 엔지니어
DP0057,가상DP0057,중급,개발,DP·데이터 엔지니어
DP0058,가상DP0058,중급,개발,DP·비정형·문서AI
DP0059,가상DP0059,특급,개발,DP·데이터 엔지니어
DP0060,가상DP0060,초급,개발,DP·데이터 모델러·메타데이터
DP0061,가상DP0061,중급,개발,DP·데이터 엔지니어
DP0062,가상DP0062,중급,개발,DP·데이터 엔지니어
DP0063,가상DP0063,초급,개발,DP·데이터 플랫폼
DP0064,가상DP0064,중급,개발,DP·데이터 모델러·메타데이터
DP0065,가상DP0065,고급,개발,DP·데이터 엔지니어
DP0066,가상DP0066,중급,개발,DP·데이터 모델러·메타데이터
DP0067,가상DP0067,중급,컨설팅,DP·금융 데이터 컨설턴트
DP0068,가상DP0068,고급,개발,DP·데이터 모델러·메타데이터
DP0069,가상DP0069,중급,개발,DP·데이터 엔지니어
DP0070,가상DP0070,초급,컨설팅,DP·금융 데이터 컨설턴트
DP0071,가상DP0071,특급,개발,DP·비정형·문서AI
DP0072,가상DP0072,초급,개발,DP·데이터 모델러·메타데이터
DP0073,가상DP0073,초급,개발,DP·데이터 플랫폼
DP0074,가상DP0074,중급,개발,DP·비정형·문서AI
DP0075,가상DP0075,중급,개발,DP·데이터 플랫폼
DP0076,가상DP0076,특급,개발,DP·데이터 엔지니어
DP0077,가상DP0077,초급,개발,DP·데이터 엔지니어
DP0078,가상DP0078,고급,개발,DP·데이터 엔지니어
DP0079,가상DP0079,중급,개발,DP·비정형·문서AI
DP0080,가상DP0080,중급,개발,DP·데이터 엔지니어
DP0081,가상DP0081,고급,개발,DP·비정형·문서AI
DP0082,가상DP0082,고급,개발,DP·비정형·문서AI
DP0083,가상DP0083,중급,컨설팅,DP·금융 데이터 컨설턴트
DP0084,가상DP0084,고급,개발,DP·데이터 플랫폼
DP0085,가상DP0085,중급,개발,DP·비정형·문서AI
DP0086,가상DP0086,중급,개발,DP·비정형·문서AI
DP0087,가상DP0087,특급,개발,DP·데이터 모델러·메타데이터
DP0088,가상DP0088,고급,개발,DP·비정형·문서AI
DP0089,가상DP0089,특급,컨설팅,DP·금융 데이터 컨설턴트
DP0090,가상DP0090,초급,개발,DP·비정형·문서AI
DP0091,가상DP0091,중급,개발,DP·비정형·문서AI
DP0092,가상DP0092,중급,개발,DP·데이터 엔지니어
DP0093,가상DP0093,고급,개발,DP·데이터 플랫폼
DP0094,가상DP0094,중급,개발,DP·비정형·문서AI
DP0095,가상DP0095,초급,개발,DP·비정형·문서AI
DP0096,가상DP0096,초급,개발,DP·데이터 엔지니어
DP0097,가상DP0097,중급,개발,DP·비정형·문서AI
DP0098,가상DP0098,특급,개발,DP·비정형·문서AI
DP0099,가상DP0099,고급,개발,DP·비정형·문서AI
DP0100,가상DP0100,중급,개발,DP·데이터 엔지니어
