project_code,client,industry,closed_month,customer_score,schedule,follow_on
X-0001,금융사 가2,금융,2026-04,5,준수,N
X-0002,금융사 다2,금융,2023-01,4,준수,Y
X-0003,계열사 H,그룹사(대내),2025-09,5,준수,Y
X-0005,금융사 라2,금융,2021-10,2,지연,N
X-0006,금융사 바2,금융,2026-01,4,준수,N
X-0007,계열사 G,그룹사(대내),2023-11,2,준수,N
X-0008,계열사 D,그룹사(대내),2020-08,3,준수,Y
X-0009,금융사 나,금융,2021-09,3,준수,N
X-0010,계열사 D,그룹사(대내),2025-08,3,지연,N
X-0011,금융사 카,금융,2024-04,5,준수,Y
X-0012,금융사 하2,금융,2019-09,1,준수,N
X-0014,계열사 L,그룹사(대내),2018-10,1,준수,N
X-0015,계열사 T,그룹사(대내),2024-03,4,지연,Y
X-0016,금융사 가2,금융,2021-01,3,지연,Y
X-0017,계열사 Q,그룹사(대내),2026-05,4,준수,Y
X-0018,금융사 차2,금융,2021-02,3,준수,N
X-0019,금융사 카,금융,2026-04,3,준수,N
X-0020,공공기관 무,공공,2026-02,5,준수,Y
X-0021,금융사 카,금융,2024-04,4,지연,Y
X-0022,공공기관 병,공공,2018-06,2,지연,N
X-0023,계열사 T,그룹사(대내),2017-06,1,준수,Y
X-0024,금융사 하,금융,2022-03,1,지연,N
X-0025,금융사 아,금융,2020-06,2,지연,N
X-0027,금융사 가,금융,2025-06,4,준수,Y
X-0028,금융사 카,금융,2022-07,4,준수,Y
X-0029,계열사 R,그룹사(대내),2023-04,4,준수,Y
X-0031,계열사 B,그룹사(대내),2023-06,5,준수,N
X-0032,금융사 아,금융,2020-02,4,준수,Y
X-0033,공공기관 경,공공,2026-04,3,준수,N
X-0034,금융사 하2,금융,2023-12,2,지연,N
X-0035,계열사 R,그룹사(대내),2021-04,2,준수,Y
X-0036,금융사 사2,금융,2023-06,3,준수,Y
X-0037,금융사 타,금융,2023-04,4,준수,Y
X-0038,금융사 바,금융,2022-04,3,준수,Y
X-0039,계열사 E,그룹사(대내),2021-07,4,준수,Y
X-0040,계열사 W,그룹사(대내),2022-11,2,준수,N
X-0041,금융사 다2,금융,2017-11,3,준수,Y
X-0042,금융사 마,금융,2019-04,3,준수,N
X-0043,금융사 나,금융,2021-02,3,준수,N
X-0044,금융사 차,금융,2024-12,3,준수,N
X-0045,금융사 파,금융,2020-05,3,준수,Y
X-0046,계열사 U,그룹사(대내),2023-08,1,지연,N
X-0047,계열사 Y,그룹사(대내),2021-09,2,준수,Y
X-0048,금융사 라2,금융,2022-06,3,준수,Y
X-0049,금융사 아2,금융,2018-05,2,지연,N
X-0050,계열사 C,그룹사(대내),2025-02,2,지연,N
X-0051,금융사 바2,금융,2019-11,4,준수,Y
X-0052,금융사 하2,금융,2018-06,1,준수,N
X-0053,계열사 U,그룹사(대내),2021-04,3,준수,Y
X-0054,금융사 라2,금융,2023-02,3,지연,N
X-0055,계열사 O,그룹사(대내),2026-03,2,지연,Y
X-0056,공공기관 신,공공,2018-08,1,준수,N
X-0057,금융사 카,금융,2025-10,4,준수,Y
X-0058,금융사 차2,금융,2023-04,3,준수,N
X-0059,금융사 타2,금융,2021-08,2,지연,N
X-0061,금융사 마2,금융,2019-05,1,준수,Y
X-0062,금융사 파2,금융,2018-10,2,준수,Y
X-0063,계열사 I,그룹사(대내),2020-11,2,지연,N
X-0064,금융사 마,금융,2023-12,3,준수,Y
X-0065,계열사 U,그룹사(대내),2020-02,3,준수,N
X-0066,계열사 V,그룹사(대내),2017-10,2,지연,N
X-0067,계열사 P,그룹사(대내),2018-10,3,준수,N
X-0068,금융사 파,금융,2021-07,3,준수,N
X-0069,계열사 I,그룹사(대내),2017-05,2,지연,N
X-0070,계열사 Y,그룹사(대내),2023-12,4,준수,Y
X-0071,금융사 아,금융,2020-07,3,준수,Y
X-0072,공공기관 기,공공,2025-01,5,준수,Y
X-0073,계열사 T,그룹사(대내),2025-12,5,준수,Y
X-0074,금융사 카2,금융,2023-10,3,준수,Y
X-0075,공공기관 신,공공,2018-12,2,지연,N
X-0076,금융사 하,금융,2024-10,3,지연,N
X-0077,계열사 D,그룹사(대내),2024-12,3,준수,N
X-0078,금융사 차2,금융,2021-05,3,준수,N
X-0079,계열사 K,그룹사(대내),2022-10,4,지연,Y
X-0080,금융사 카,금융,2023-12,3,준수,Y
X-0081,금융사 나2,금융,2024-05,4,준수,Y
X-0084,계열사 X,그룹사(대내),2026-02,5,준수,Y
X-0085,계열사 Q,그룹사(대내),2023-07,3,지연,Y
X-0086,금융사 바,금융,2021-02,3,지연,Y
X-0089,금융사 다2,금융,2022-02,2,준수,N
X-0090,계열사 I,그룹사(대내),2022-08,3,지연,Y
X-0091,계열사 K,그룹사(대내),2023-09,3,준수,Y
X-0092,계열사 R,그룹사(대내),2021-10,5,준수,Y
X-0093,계열사 E,그룹사(대내),2024-01,4,준수,Y
X-0094,계열사 S,그룹사(대내),2026-07,5,준수,N
X-0095,금융사 차,금융,2026-02,1,준수,Y
X-0096,계열사 E,그룹사(대내),2020-06,3,준수,N
X-0097,금융사 바,금융,2019-10,4,준수,N
X-0098,계열사 R,그룹사(대내),2022-02,3,준수,Y
X-0099,금융사 라2,금융,2019-12,3,지연,N
X-0100,금융사 카,금융,2025-02,3,준수,Y
