person_id,project_id,alloc,locked
DP0055,J001,1.0,N
DP0033,J001,1.0,N
DP0021,J001,1.0,N
DP0082,J001,1.0,Y
DP0097,J001,1.0,N
DP0044,J001,1.0,N
DP0058,J001,1.0,N
DP0050,J001,1.0,N
DP0020,J002,1.0,N
DP0066,J002,1.0,Y
DP0004,J002,1.0,N
DP0011,J002,1.0,N
DP0087,J002,1.0,N
DP0060,J002,1.0,N
DP0022,J002,1.0,N
DP0006,J003,1.0,N
DP0019,J003,1.0,N
DP0068,J003,1.0,N
DP0038,J003,1.0,N
DP0064,J003,1.0,N
DP0070,J003,1.0,N
DP0083,J003,1.0,N
DP0043,J003,1.0,N
DP0003,J004,1.0,N
DP0017,J004,1.0,N
DP0056,J004,1.0,N
DP0062,J004,1.0,Y
DP0077,J004,1.0,N
DP0012,J004,1.0,N
DP0059,J004,1.0,N
DP0076,J004,1.0,N
DP0096,J005,1.0,N
DP0051,J005,1.0,N
DP0042,J005,1.0,Y
DP0013,J005,1.0,N
DP0054,J005,1.0,N
DP0036,J005,1.0,N
DP0067,J005,1.0,N
DP0030,J005,1.0,N
DP0008,J005,1.0,N
DP0072,J006,1.0,N
DP0061,J006,1.0,N
DP0057,J006,1.0,N
DP0089,J006,1.0,Y
DP0092,J007,1.0,N
DP0069,J007,1.0,N
DP0065,J007,1.0,N
DP0080,J007,1.0,N
DP0023,J007,1.0,N
DP0063,J007,1.0,Y
DP0024,J007,1.0,N
DP0047,J007,1.0,N
DP0048,J007,1.0,N
DP0075,J008,1.0,N
DP0084,J008,1.0,N
DP0009,J008,1.0,N
DP0052,J008,1.0,N
DP0073,J008,1.0,N
DP0029,J008,1.0,N
DP0007,J008,1.0,N
DP0001,J008,1.0,N
DP0071,J009,1.0,N
DP0053,J009,1.0,N
DP0035,J009,1.0,N
DP0015,J009,1.0,N
DP0034,J010,1.0,N
DP0093,J010,1.0,N
DP0005,J010,1.0,N
DP0014,J010,1.0,N
DP0018,J010,1.0,N
DP0039,J010,1.0,N
DP0086,J010,1.0,N
DP0074,J010,1.0,N
DP0027,J011,1.0,N
DP0049,J011,1.0,Y
DP0090,J011,1.0,Y
DP0098,J011,1.0,N
DP0085,J012,1.0,N
DP0010,J012,1.0,N
DP0094,J012,1.0,N
DP0028,J012,1.0,N
DP0037,J012,1.0,N
DP0002,J012,1.0,N
DP0040,J012,1.0,N
DP0016,J012,1.0,N
DP0091,J013,1.0,N
DP0025,J013,1.0,Y
DP0095,J013,1.0,N
DP0045,J013,1.0,N
DP0099,J013,1.0,N
