project_id,project_name,sector,phase,start_month,end_month,monthly_budget
J001,대형 시중은행 A AI 에이전트 개발(데이터플랫폼·AI 공동),대외금융,실행,2026-10,2027-03,9920
J002,[실행] 계열사 C 데이터 거버넌스·카탈로그 구축,대내,실행,2026-10,2027-03,8288
J003,[실행] 계열사 S 데이터 거버넌스·카탈로그 구축,대내,실행,2026-10,2027-03,9337
J004,[실행] 금융사 라 비정형 데이터 마트 구축,대외금융,실행,2026-10,2027-03,10607
J005,[실행] 공공기관 무 데이터 개방 플랫폼,대외공공,실행,2026-10,2027-03,9916
J006,[실행] 공공기관 경 데이터 개방 플랫폼,대외공공,실행,2026-10,2027-03,4995
J007,[실행] 금융사 파2 비정형 데이터 마트 구축,대외금융,실행,2026-10,2027-03,9146
J008,[실행] 계열사 J 데이터 플랫폼 고도화,대내,실행,2026-10,2027-03,8438
J009,[실행] 금융사 파2 비정형 문서 메타데이터 전환,대외금융,실행,2026-10,2027-03,5414
J010,[실행] 계열사 T 데이터 플랫폼 고도화,대내,실행,2026-10,2027-03,8444
J011,[실행] 계열사 G 데이터 거버넌스·카탈로그 구축,대내,실행,2026-10,2027-03,4487
J012,[실행] 금융사 다2 비정형 문서 메타데이터 전환,대외금융,실행,2026-10,2027-03,8656
J013,[실행] 공공기관 병 데이터 개방 플랫폼,대외공공,실행,2026-10,2027-03,4847
J014,[제안] 공공기관 을 데이터 개방 플랫폼,대외공공,제안,2026-11,2027-03,4457
J015,[제안] 계열사 A 데이터 플랫폼 고도화,대내,제안,2026-11,2027-03,5152
