project_id,career_grade,headcount
J001,특급,1
J001,고급,3
J001,중급,3
J001,초급,1
J002,고급,1
J002,중급,4
J002,특급,1
J002,초급,1
J003,중급,4
J003,특급,1
J003,고급,2
J003,초급,1
J004,고급,2
J004,중급,3
J004,초급,1
J004,특급,2
J005,초급,4
J005,중급,4
J005,특급,1
J006,초급,1
J006,중급,2
J006,특급,1
J007,중급,6
J007,고급,1
J007,초급,2
J008,중급,4
J008,고급,2
J008,초급,2
J009,특급,2
J009,초급,1
J009,중급,1
J010,중급,6
J010,고급,1
J010,초급,1
J011,중급,1
J011,초급,2
J011,특급,1
J012,중급,4
J012,초급,3
J012,특급,1
J013,중급,1
J013,초급,3
J013,고급,1
J014,고급,1
J014,중급,2
J014,초급,1
J015,고급,1
J015,중급,3
J015,초급,1
