project_code,person_id,requested_by,reason,replaced_at
X-0006,DP0034,고객,고객 요청 - 소통 문제,2024-11-30
X-0016,DP0020,고객,고객 요청 - 역량 부족,2022-01-31
X-0020,DP0041,고객,고객 요청 - 소통 문제,2025-09-30
X-0023,DP0055,내부,타 사업 긴급 차출,2018-08-31
X-0026,DP0015,내부,개인 사정(휴직·이직),2019-11-30
X-0027,DP0060,고객,고객 요청 - 역량 부족,2025-06-30
X-0028,DP0056,내부,역할 재조정,2024-10-31
X-0043,DP0055,고객,고객 요청 - 소통 문제,2017-09-30
X-0043,DP0041,고객,고객 요청 - 역량 부족,2018-01-31
X-0050,DP0049,내부,개인 사정(휴직·이직),2022-05-31
X-0051,DP0086,고객,고객 요청 - 역량 부족,2017-12-31
X-0061,DP0041,내부,타 사업 긴급 차출,2021-11-30
X-0061,DP0057,내부,역할 재조정,2022-03-31
X-0061,DP0089,내부,개인 사정(휴직·이직),2022-02-28
X-0080,DP0020,고객,고객 요청 - 소통 문제,2024-04-30
X-0080,DP0006,내부,타 사업 긴급 차출,2023-10-31
X-0084,DP0055,고객,고객 요청 - 역량 부족,2018-12-31
X-0084,DP0003,내부,개인 사정(휴직·이직),2018-12-31
X-0087,DP0016,내부,개인 사정(휴직·이직),2026-01-31
X-0087,DP0038,내부,타 사업 긴급 차출,2026-02-28
X-0089,DP0086,고객,고객 요청 - 역량 부족,2025-06-30
X-0091,DP0009,내부,개인 사정(휴직·이직),2025-04-30
X-0100,DP0004,내부,역할 재조정,2025-03-31
X-0100,DP0010,내부,타 사업 긴급 차출,2025-03-31
X-0100,DP0030,내부,타 사업 긴급 차출,2024-11-30
X-0105,DP0041,고객,고객 요청 - 소통 문제,2017-05-31
X-0106,DP0042,고객,고객 요청 - 일정 지연 책임,2017-01-31
X-0106,DP0076,고객,고객 요청 - 소통 문제,2017-05-31
X-0112,DP0019,내부,역할 재조정,2021-07-31
X-0112,DP0088,내부,역할 재조정,2021-08-31
X-0122,DP0059,고객,고객 요청 - 역량 부족,2023-12-31
X-0122,DP0084,내부,타 사업 긴급 차출,2024-01-31
X-0124,DP0055,고객,고객 요청 - 소통 문제,2019-09-30
X-0128,DP0007,내부,개인 사정(휴직·이직),2022-05-31
X-0128,DP0071,내부,타 사업 긴급 차출,2022-10-31
X-0137,DP0003,고객,고객 요청 - 소통 문제,2021-11-30
X-0151,DP0076,고객,고객 요청 - 역량 부족,2018-08-31
X-0151,DP0069,내부,역할 재조정,2018-07-31
X-0156,DP0055,고객,고객 요청 - 일정 지연 책임,2016-10-31
X-0165,DP0041,고객,고객 요청 - 역량 부족,2018-05-31
X-0169,DP0046,내부,역할 재조정,2018-09-30
X-0174,DP0036,내부,역할 재조정,2022-10-31
X-0174,DP0042,내부,타 사업 긴급 차출,2022-07-31
X-0181,DP0041,고객,고객 요청 - 소통 문제,2020-07-31
X-0182,DP0080,내부,개인 사정(휴직·이직),2020-10-31
X-0186,DP0078,내부,타 사업 긴급 차출,2024-03-31
X-0189,DP0005,내부,개인 사정(휴직·이직),2020-06-30
X-0192,DP0086,고객,고객 요청 - 일정 지연 책임,2017-10-31
X-0192,DP0042,고객,고객 요청 - 일정 지연 책임,2017-09-30
X-0193,DP0086,고객,고객 요청 - 소통 문제,2020-01-31
X-0194,DP0087,내부,역할 재조정,2025-03-31
X-0203,DP0058,내부,개인 사정(휴직·이직),2026-06-30
X-0203,DP0061,내부,타 사업 긴급 차출,2026-04-30
X-0208,DP0091,내부,개인 사정(휴직·이직),2022-03-31
X-0213,DP0017,내부,역할 재조정,2024-12-31
X-0225,DP0042,내부,역할 재조정,2025-02-28
X-0227,DP0086,고객,고객 요청 - 역량 부족,2023-02-28
X-0227,DP0012,내부,타 사업 긴급 차출,2024-01-31
X-0227,DP0083,내부,개인 사정(휴직·이직),2023-01-31
X-0227,DP0087,내부,타 사업 긴급 차출,2023-11-30
X-0228,DP0093,내부,개인 사정(휴직·이직),2017-04-30
X-0235,DP0031,내부,타 사업 긴급 차출,2024-12-31
X-0235,DP0053,내부,역할 재조정,2024-09-30
X-0239,DP0017,내부,개인 사정(휴직·이직),2025-06-30
X-0243,DP0048,내부,개인 사정(휴직·이직),2019-07-31
X-0246,DP0044,내부,역할 재조정,2024-02-29
